user_id,task_id,query_id,query,satisfaction
0,3,0,白衬衫搭配,4
0,3,1,白衬衫搭配的裤子,5
0,3,2,白衬衫搭配的鞋子,5
0,4,0,白花瓣黄蕊,3
0,4,1,芍药花,3
0,4,2,白色芍药花,5
0,11,0,哈利波特,5
0,11,2,佛地魔,5
0,11,3,霍格沃兹,5
0,9,0,舞会,5
0,9,1,城堡舞会,1
0,9,2,舞会酒杯,1
0,9,3,灰姑娘舞会,3
0,9,4,学生舞会,1
0,9,5,古堡舞会,1
0,8,0,帕丁顿熊,5
0,8,1,动画片,3
0,8,2,冰雪奇缘,5
0,8,3,最近上映的动画片,4
0,10,0,美国大选电视辩论,5
0,10,1,特朗普胜选演讲,5
0,12,0,热带雨林,5
0,12,1,原始森林,3
0,6,0,搞笑图片,4
0,6,1,傅园慧表情包,5
0,6,2,葛优瘫,4
0,5,0,宋慧乔,4
0,5,1,宋慧乔宋仲基,5
0,5,4,艾玛格兰杰,3
0,5,5,赫敏,5
0,5,6,倪妮,4
0,5,7,周冬雨,2
0,5,8,周冬雨喜欢你,5
0,5,9,周冬雨七月与安生,5
0,5,10,安迪,5
0,2,0,室内装修,3
0,2,1,室内装修冷淡风,5
0,2,2,室内装修北欧风格,3
0,2,3,室内装修小清新风格,4
0,2,4,室内装修小清新,5
0,2,5,室内装修温馨,4
0,2,6,室内装修浪漫,3
0,2,7,室内装修ins,5
0,2,8,室内设计,4
0,2,9,室内设计ins风,2
0,2,10,室内设计冷淡,4
0,2,11,室内设计简洁,4
0,7,0,星际穿越,5
0,7,1,你的名字,3
0,7,2,最近上映的电影,5
0,7,3,摩洛哥王妃,5
0,7,4,模仿游戏,5
0,7,5,七月与安生,5
0,7,7,电影海报,5
0,7,8,太平轮,5
0,1,0,海口,5
0,1,1,海口街道,4
0,1,2,海口地形图,4
0,1,3,海口建筑,4
0,1,4,海口地标建筑,4
1,6,0,蘑菇头表情包,4
1,6,1,小僵尸图片萌萌,4
1,2,0,中式装修效果图,3
1,2,1,中式装修风格,4
1,2,2,欧式风格装修图片,4
1,10,0,2016年美国大选电视辩论,4
1,10,1,2016年美国大选特兰普的胜选演说,4
1,11,0,哈利波特,2
1,11,1,哈利波特电影里的哈利波特,4
1,11,2,哈利波特电影里的赫敏,4
1,11,3,哈利波特电影里的伏地魔,4
1,9,0,舞会背景图片,2
1,9,1,舞会人与红酒杯,1
1,9,2,舞会图片包括人与红酒杯,1
1,9,3,舞会图片,4
1,9,4,舞会酒杯,2
1,7,0,狮子王图片大全,4
1,7,1,肖申克的救赎剧照,4
1,1,0,海口街道图,4
1,1,1,海口旅游景点,4
1,1,2,海口特色建筑,5
1,3,1,和白色亚麻T恤搭配男士,3
1,3,2,和白色亚麻T恤搭配的鞋男士,4
1,8,0,海绵宝宝简笔画,4
1,8,1,大鱼海棠图片湫与椿,4
1,4,0,白色花瓣黄色花心,4
1,12,0,森林蓝天,4
1,5,0,吴亦凡,4
1,5,1,杨幂,3
1,5,2,刘亦菲,4
2,5,0,赵丽颖,3
2,3,2,白色亚麻t恤搭配裤子,1
2,3,3,白色亚麻t恤搭配什么裤子好看,2
2,3,4,白色亚麻t恤搭配什么鞋好看,4
2,2,0,装修风格分类,2
2,2,2,装修风格现代简约,3
2,12,0,壁纸无水印森系,3
2,11,0,哈利波特,2
2,11,1,赫敏,3
2,7,0,速度与激情,5
2,9,6,红酒杯交错舞池中穿梭,1
2,9,7,红酒舞会,2
2,9,9,蓝色背景4,2
2,9,10,黑色背景,2
2,6,0,搞笑图片,4
2,8,0,小虎还乡,4
2,10,3,美国总统候选人电视辩论,4
2,10,4,特朗普竞选成功发言,2
2,10,5,特朗普就职演讲,2
2,10,6,特朗普胜利演讲,3
2,1,0,海口市,4
3,5,0,迈克尔杰克逊,4
3,5,1,阿肯,3
3,5,2,胡彦斌,3
3,10,0,2016年美国大选两位候选人辩论,4
3,10,1,特朗普发表当选演讲,3
3,7,0,加勒比海盗5剧照,4
3,7,1,金刚狼3,5
3,4,0,白色花瓣黄色花蕊的是什么花,4
3,1,0,海口市的风景,5
3,1,1,海口市的街道,4
3,1,2,海口市的标志性建筑,5
3,2,0,中式装修风格,4
3,2,1,欧式装修效果图,4
3,12,0,包含森林蓝天的桌面壁纸,4
3,12,1,包含森林的桌面壁纸,5
3,11,0,哈利波特的照片,5
3,11,1,哈利波特的单人照片,2
3,11,2,赫敏·格兰杰的照片,5
3,11,3,伏地魔的照片,3
3,11,4,伏地魔的剧照,4
3,11,5,赫敏·格兰杰剧照,5
3,11,6,哈利波特剧照,4
3,11,7,伏地魔剧照,3
3,11,8,霍格沃兹的图片,3
3,11,9,霍格沃兹的壁纸,2
3,11,10,夜晚霍格沃兹图片,1
3,11,11,霍格沃兹图片,4
3,3,0,白色亚麻T恤如何搭配,2
3,3,1,男生白色亚麻T恤如何搭配,4
3,3,2,男生白色亚麻T恤应该搭配什么样的鞋和裤子,2
3,6,0,搞笑图片,5
3,6,1,鬼畜动图,5
3,6,2,天线宝宝表情包,5
3,8,0,海绵宝宝,5
3,8,1,怪诞小镇,3
3,8,2,蜡笔小新,4
3,9,0,舞会海报,3
3,9,1,舞会背景图片,3
3,9,2,有舞者和酒杯的舞会背景图片,1
3,9,4,舞会海报背景,3
3,9,5,包含跳舞的人的舞会海报背景,1
3,9,6,舞者和酒杯,1
3,9,7,大学生舞会海报,1
3,9,8,大学生舞会海报背景,1
3,9,9,联谊舞会宣传,2
3,9,10,舞蹈背景,1
3,9,11,酒吧舞会,1
3,9,12,酒吧舞池,2
3,9,13,酒吧宣传海波啊,1
3,9,14,酒吧宣传海报,3
3,9,15,狂欢舞会海报,2
3,9,16,狂欢舞会,2
3,9,17,狂欢舞会宣传,1
3,9,18,舞会卡通图片,1
3,9,19,手绘舞会图片,1
3,9,20,舞会手绘宣传海报,1
3,9,21,酒吧舞会背景,1
3,9,22,有酒杯的舞会背景,2
3,9,23,联谊舞会背景,3
3,9,24,舞会宣传图片,3
3,9,25,无文字舞会宣传图片,3
3,9,26,舞会海报背景图片,4
3,9,27,舞厅宣传图片,2
3,9,28,舞厅图片,2
3,9,29,酒杯唯美图片,4
3,9,30,舞会海报设计,3
3,9,31,霓虹灯下的舞者,1
3,9,32,紫色背景的酒杯图片,4
4,11,0,哈利波特,2
4,9,4,舞会,3
4,5,0,阿桑奇,5
4,2,0,中式装修,5
4,2,1,欧式装修,5
4,12,5,森林蓝天壁纸,4
4,3,1,白亚麻T恤搭配,1
4,3,2,白亚麻T恤全身搭配,2
4,8,0,进击的巨人第二季,4
4,8,1,自由之翼第二季,3
4,6,0,搞笑图片,3
4,6,1,搞笑动图,4
5,3,0,亚麻布T恤的搭配,3
5,3,3,亚麻布T恤搭配,4
5,3,5,亚麻布T恤搭配什么鞋子,4
5,3,6,亚麻T恤搭配什么鞋子,3
5,6,0,搞笑图片,4
5,6,1,搞笑图片笑死人动态,4
5,2,0,中式装修风格,5
5,2,1,欧式装修风格,5
5,5,0,死侍,5
5,5,1,死侍海报,5
5,5,2,小罗伯特·唐尼,5
5,8,0,火影忍者,5
5,4,0,白色花瓣，黄色花蕊的小花,2
5,4,2,白色花瓣，黄色花蕊的小花叫什么,1
5,4,3,白色花瓣，黄色花蕊的小花名称,3
5,4,6,野花的学名,1
5,12,1,森林蓝天,3
5,7,0,环太平洋海报,5
5,10,0,美国总统电视辩论,5
5,1,0,海口,4
5,1,1,海口街道,4
5,1,2,海口鸟瞰,4
5,9,1,舞会壁纸,1
5,9,4,舞会海报,1
5,9,5,壁纸舞会,1
5,9,7,舞会背景图片,1
5,9,8,舞会森林,1
5,9,9,毕业舞会,1
5,9,10,毕业舞会海报,1
5,9,11,舞会酒杯,3
6,7,0,哈利波特主题,3
6,12,0,高清森林壁纸,4
6,12,1,高清自然风景图片壁纸,2
6,5,0,小罗伯特·唐尼,4
6,5,1,钢铁侠,3
6,3,0,白亚麻布t恤配衣,2
6,3,1,白t恤配下半身,3
6,3,2,白t恤搭配男,4
6,3,3,白亚麻布t恤搭配男,3
6,8,0,埃罗芒阿老师,5
6,8,1,小黄漫老师,4
6,2,0,装修风格,4
6,2,1,装修设计,3
6,2,2,装修效果图简约现代,2
6,10,0,美国大选,5
6,10,1,特朗普上台,3
6,10,2,特朗普就职演说,3
6,4,0,野菊,5
6,4,1,百合,2
6,4,2,水仙,3
6,11,0,哈利波特,4
6,11,1,赫敏,4
6,11,2,伏地魔,3
6,11,3,哈利波特海报,3
6,9,0,舞会海报,2
6,9,1,学生舞会海报,2
6,9,2,晚宴,1
6,9,3,舞会,2
6,9,4,舞会宣传,2
6,9,5,红酒杯,4
6,9,6,舞蹈,2
6,9,7,交际舞,2
6,9,8,双人舞,2
6,1,0,海口,4
6,1,1,海口旅游景点,2
6,6,0,你们是我带过最差的一届奥特曼,4
6,6,1,特朗普,4
7,1,0,汉口城市风光,1
7,1,1,海口城市风光,5
7,2,0,装修风格,3
7,2,1,中式装修风格,5
7,2,3,美式装修风格特点,4
7,11,0,哈利波特,5
7,7,0,我滴个神啊,2
7,7,1,我的个神啊,5
7,10,1,特朗普胜选致辞,5
7,5,0,霍建华,5
7,5,1,刘诗诗,5
7,9,2,舞会,3
7,9,3,举杯共舞,1
7,9,7,舞会上的酒瓶,1
7,9,8,舞会餐桌,1
7,9,9,舞会海报,1
7,3,0,白t恤搭配,3
7,3,1,白t恤裤子搭配,5
7,3,2,白t恤搭配裤子鞋子,4
7,3,3,白T恤搭配裤子鞋子,3
7,6,0,搞笑图片,4
7,6,2,搞笑,3
7,6,3,爆笑,3
7,6,4,爆笑动态图片,3
7,6,5,爆笑图片大全,3
7,8,0,fate,5
8,8,0,\猫和老鼠,5
8,2,0,中式装修,4
8,2,1,西式装修,4
8,2,2,欧式装修,4
8,5,0,刘德华,5
8,10,0,2016美国大选电视辩论,5
8,10,1,特朗普胜选演讲,3
8,7,0,云图,2
8,7,1,电影云图,5
8,4,0,白花瓣黄雄蕊的花,1
8,4,3,白瓣黄蕊的花,4
8,3,0,白麻T恤搭的裤子,1
8,3,1,亚麻T恤搭的裤子,1
8,3,2,白亚麻T恤搭的裤子,1
8,3,4,白亚麻T恤裤子搭配图,5
8,3,5,白麻T恤鞋子搭配图,4
8,3,6,白麻T恤和鞋子搭配图,4
8,3,7,男士白麻T恤和鞋子搭配图,5
8,1,0,海口,5
8,9,0,舞会海报,3
8,9,1,舞会海报素材,5
8,11,0,哈利波特,5
8,11,1,哈利波特赫敏,5
8,11,2,伏地魔,4
8,11,3,哈利波特主题,5
8,11,4,哈利波特主题背景,3
8,6,0,有趣图片大全,3
9,6,0,搞笑轻松图片,3
9,6,1,幽默轻松图片,3
9,6,2,幽默图片,4
9,12,0,森林蓝天图高清壁纸,3
9,12,1,森林图高清壁纸,2
9,12,2,森林蓝天高清壁纸,4
9,7,0,卑鄙的我3海报,2
9,7,1,雪国列车海报,4
9,7,2,雪国列车高清海报,4
9,2,0,中国风和欧洲风,3
9,2,1,中国风家装,3
9,2,2,中国风家装效果图,4
9,2,3,欧洲风家装效果图,4
9,2,4,欧洲风格装修效果图,4
9,5,0,泰勒斯威夫特,4
9,5,1,泰勒斯威夫特壁纸,2
9,5,2,郑秀晶,3
9,8,0,荆天明,4
9,8,1,荆天明壁纸,1
9,8,2,哆啦a梦,4
9,9,0,舞会海报,2
9,9,1,舞会海报素材,3
9,9,2,舞会海报素材（带舞者酒杯）,2
9,9,3,舞者酒杯海报素材,1
9,9,4,舞者酒杯,3
9,11,0,哈利波特高清·,4
9,11,1,哈利波特高清,4
9,11,2,哈利波特无水印,5
9,11,3,赫敏,4
9,11,4,伏地魔,4
9,11,5,伏地魔无水印,1
9,11,6,伏地魔图片,3
9,3,0,搭配白T谑,4
9,3,2,白t搭配男士,4
9,10,0,2016总统竞选电视辩论,1
9,10,1,特朗普和希拉里竞选电视辩论,2
9,10,2,特朗普发表胜利演讲,2
9,4,0,白色花瓣红色花蕊,4
9,4,1,白色花瓣黄色花蕊,3
9,4,2,白色花瓣黄色花蕊种类,2
9,4,3,野花白色花瓣黄色花蕊,3
9,1,0,海口,3
9,1,1,海口街道,4
9,1,2,海口地标,4
9,1,3,海口建筑,3
10,7,0,阿甘正传,5
10,7,1,教父,5
10,7,2,霸王别姬,5
10,7,3,霸王别姬经典台词截图,5
10,7,4,大话西游电影图片,5
10,9,0,舞会图片,1
10,9,1,社交舞会图片,1
10,9,2,跳交谊舞的男女,1
10,9,3,闻香识女人剧照,3
10,9,4,闻香识女人跳舞剧照,1
10,9,5,舞会跳舞,1
10,9,6,红酒杯和跳舞的人,1
10,9,7,跳舞的人与红酒杯,1
10,9,8,英国舞会,5
10,9,9,法国舞会,2
10,9,10,法国舞会端酒杯,1
10,9,11,端酒杯跳舞,1
10,9,12,端酒杯跳舞舞会照片,1
10,9,13,英国端酒杯跳舞舞会照片,3
10,9,14,法国端酒杯跳舞舞会照片,1
10,9,15,法国舞会照片,1
10,9,16,美国舞会照片,1
10,9,17,美国舞会,2
10,9,18,酒吧喝酒图片,1
10,9,19,酒吧喝酒跳舞图片,1
10,9,20,舞会喝酒图片,1
10,9,21,教父跳舞剧照,1
10,12,0,森林壁纸,1
10,12,1,蓝天树木壁纸,3
10,12,2,森林蓝天壁纸,1
10,12,3,蓝天下的森林壁纸,2
10,12,5,从森林中仰望蓝天壁纸,1
10,8,0,海绵宝宝图片,5
10,8,1,派大星图片,5
10,3,0,白色条纹t恤搭配,1
10,3,1,男士白色条纹t恤搭配,5
10,3,2,男士穿白色条纹体恤,1
10,3,3,男士穿白色条纹t恤全身图,5
10,6,0,表情包,5
10,6,1,熊猫表情包,5
10,6,2,猪猪表情包,5
10,6,3,小黄鸡表情包,5
10,2,1,式装修效果图,1
10,2,2,欧式装修效果图,5
10,2,3,中式装修效果图,5
10,1,0,海口市标志性建筑,4
10,1,1,海口市标志性街道,5
10,1,2,海口市中国香街,5
10,4,0,白色花瓣黄色花蕊,4
10,4,2,山苦荬,2
10,4,3,万寿菊,3
10,5,0,周杰伦,5
10,5,1,周杰伦演唱会,5
10,10,0,特朗普与希拉里,5
10,10,1,特朗普与希拉里辩论,5
10,10,2,特朗普发表就职演说,5
10,11,0,哈利波特,5
10,11,1,伏地魔,5
11,3,8,白t恤搭配男,4
11,7,0,肖申克的救赎剧照,4
11,7,1,肖申克的救赎海报,4
11,7,2,肖申克的救赎经典图片,4
11,8,0,蓝猫淘气,3
11,8,2,蓝猫淘气三千问,4
11,2,1,简欧装修效果图,5
11,2,2,中式装修效果图,4
11,2,3,中式装修设计,4
11,11,0,哈利波特,4
11,11,3,赫敏剧照,5
11,11,4,赫敏个人剧照,2
11,11,5,赫敏单人剧照,2
11,11,7,伏地魔,4
11,12,11,高清壁纸无水印,2
11,12,12,蓝天壁纸无水印,4
11,6,0,暴走漫画,1
11,6,1,幽默漫画,3
11,9,8,邀请舞伴,1
11,9,17,社交舞会,3
12,6,0,憨豆先生,4
12,6,1,尼克扬表情包,5
12,2,0,传统中国风家装,5
12,2,1,欧美风格家装,4
12,1,0,海口风景,4
12,1,1,海口,5
12,1,2,海口文化,3
12,7,0,暮光之城,4
12,11,0,哈利波特,3
12,11,1,赫敏,3
12,11,2,伏地魔,3
12,11,3,哈利波特海报,4
12,11,4,哈利波特伏地魔海报,4
12,11,5,哈利波特背景,4
12,3,0,白t恤搭配,4
12,5,0,胡歌,5
12,4,1,雏菊,5
12,8,0,海贼王,5
12,9,0,舞会,4
12,9,1,大学生舞会,1
12,9,2,新生舞会,1
12,9,4,舞会海报,1
12,9,5,舞会酒杯,1
12,9,6,酒杯,1
13,11,2,哈利波特赫敏剧照,4
13,8,0,哆啦a梦,4
13,1,4,海口市海滩,4
13,6,0,憨豆先生,5
13,6,1,生活大爆炸搞笑片段,2
13,5,1,leonardo,3
13,9,0,鸡尾酒会,1
13,9,6,欧洲贵族舞会,2
13,9,12,了不起的盖茨比,2
13,9,13,了不起的盖茨比的宴会,2
13,9,14,盖茨比家,2
13,7,1,美丽心灵剧照,4
13,10,0,美国总统大选电视辩论,5
13,10,1,特朗普当选演讲,5
13,4,1,小菊花,4
13,4,2,小雏菊,5
13,12,0,森林公园,5
14,4,0,白色花瓣黄色花蕊,4
14,4,1,白色花瓣黄色花蕊菊花,5
14,10,0,美国2016总统大选电视辩论两个候选人,5
14,10,1,川普就职演说,5
14,6,0,幽默的图片,1
14,6,1,表情包,3
14,6,2,憨豆,3
14,3,0,服装搭配白色亚麻体恤,2
14,3,1,白色亚麻体恤,4
14,3,2,白色亚麻T恤裤子,1
14,3,3,白色亚麻T恤搭配,4
14,12,0,森林蓝天,1
14,12,1,森林蓝天桌面,3
14,12,2,自然、桌面,1
14,12,3,自然桌面,2
14,12,4,自然森林桌面,1
14,12,5,自然绿色桌面,1
14,12,6,自然绿色森林桌面,1
14,12,7,自然绿色森林蓝天桌面,1
14,5,0,白敬亭,3
14,5,1,白敬亭夏至未至,4
14,5,2,白敬亭夏至未至橘色,1
14,5,3,白敬亭夏至未至橘色上衣,1
14,2,0,房屋装饰风格,1
14,2,1,房屋中式装饰风格,5
14,2,2,房屋简约欧式装饰风格,5
14,2,3,装修风格、,3
14,2,4,装修风格分类,3
14,2,5,复古欧式装修风格分类,1
14,7,0,肖申克的救赎剧照,4
14,7,1,肖申克的救赎,5
14,11,0,赫敏,5
14,11,1,哈利波特,5
14,11,2,伏地魔,5
14,11,3,哈利波特海报,2
14,11,4,哈利波特背景、,4
14,8,0,阿狸,5
14,1,0,海口风景,2
14,1,1,海口建筑,5
14,1,2,海口街道,4
14,9,0,舞会,4
14,9,1,酒杯,1
14,9,2,酒杯敲钢琴,1
14,9,3,酒杯舞会,1
14,9,4,酒杯玫瑰,1
14,9,5,酒杯图片唯美,1
14,9,6,酒杯架,1
14,9,7,酒杯图片,1
14,9,8,舞会喝酒图片,1
14,9,9,酒杯唯美,5
15,7,0,海贼王剧场版海报,4
15,7,1,瑞典女王海报,3
15,7,2,红海行动海报,5
15,7,3,变形金刚5海报,2
15,4,0,黄色雄蕊的白花,2
15,4,2,黄色雄蕊,3
15,9,0,舞会,2
15,9,1,酒杯,4
15,9,2,舞会现场,1
15,9,3,舞蹈者,1
15,9,4,交际舞,3
15,9,5,交际舞现场,2
15,9,6,大学生交际舞现场,2
15,3,4,男士白色亚麻T恤搭配什么鞋子最多,1
15,11,2,赫敏版哈利波特电影海报,4
15,2,0,装修风格分类,4
15,6,0,搞笑图片,3
15,1,0,海口印象,2
15,1,1,海口,4
15,5,0,梅西,4
15,8,0,黑猫警长,3
15,8,1,fate,3
16,5,2,吉屋出租,2
16,7,0,醉乡民谣海报,3
16,7,2,电影海报,3
16,7,3,经典电影海报图片,5
16,1,0,海口市,4
16,1,1,海口市地图,4
16,1,2,海口市在哪,3
16,11,0,哈利波特,5
16,11,2,哈利波特赫敏剧照,4
16,11,3,哈利波特voltemore,3
16,4,0,xiaojuhua,3
16,4,1,小菊花,3
16,4,2,小白菊花,2
16,4,4,小白菊内酯,5
16,4,5,小白菊,4
16,4,6,小白菊特性,3
16,9,0,舞者,1
16,9,1,社交舞者,2
16,9,2,社交舞,2
16,9,4,舞会,3
16,9,5,社交舞图案,3
16,9,6,社交舞唯美图案,2
16,9,7,社交舞唯美图,5
16,12,0,深林,3
16,12,1,深林高清,4
16,12,2,深林壁纸,5
16,3,0,白麻布,1
16,3,1,白麻布上衣,2
16,3,2,白麻布上衣搭配,2
16,3,3,白上衣搭配,5
16,2,0,室内设计效果图,3
16,6,0,笑图,4
16,6,1,笑图片笑死人要动态的,3
16,6,2,搞笑图片笑死人动态,3
16,6,3,萌蠢动物,5
16,6,4,蠢萌动物头像,3
16,6,5,搞笑动物,5
16,6,6,9gag,3
16,10,2,trump,5
17,8,0,游戏王,5
17,3,0,白t恤搭配,1
17,2,0,中式装修,5
17,2,1,欧式简约装修,5
17,1,0,海口市,5
17,1,1,海口市地图,5
17,1,2,海口市全景,4
17,5,0,周杰伦,5
17,9,0,舞会海报,5
17,9,1,舞会酒会海报,5
17,6,0,幽默图片,5
17,7,0,盗梦空间,5
18,11,0,哈利波特,5
18,11,1,赫敏,3
18,11,2,哈利波特赫敏,5
18,11,3,哈利波特伏地魔,4
18,6,0,搞笑图片,5
18,6,1,搞笑漫画,4
18,10,0,川普希拉里电视辩论,5
18,10,1,川普发表获胜演讲,5
18,3,0,白色亚麻T恤搭配,3
18,3,1,亚麻T恤搭配技巧,3
18,4,0,白色花瓣黄色花蕊,3
18,4,1,小雏菊,5
18,1,0,海口市景色实拍,2
18,1,1,海口市街道,3
18,1,2,海口市地标,4
18,1,3,海口市建筑,3
18,9,0,舞动的人群,4
18,9,1,葡萄酒杯,3
18,9,2,宴会上的葡萄酒杯,4
18,7,0,霸王别姬电影,5
18,7,1,霸王别姬电影海报,4
18,7,2,霸王别姬电影剧照,4
18,8,0,全职猎人,5
18,5,0,东方神起,5
18,12,0,高清桌面壁纸风景,4
18,12,1,高清桌面壁纸森林,4
18,12,2,高清桌面壁纸森林蓝天,4
19,9,0,晚宴场景,1
19,9,1,舞会场景,1
19,2,0,中式建筑,5
19,2,1,欧式建筑,5
19,8,0,海贼王,5
19,11,1,赫敏,5
19,4,0,daisy,5
19,3,0,白色亚麻T恤最佳搭配,5
19,1,0,海口市,5
19,7,0,美国队长,5
19,7,1,霸王别姬,5
19,7,2,你的名字,5
19,6,0,搞笑图片,5
20,7,0,唐顿庄园,5
20,7,2,唐顿庄园服饰,4
20,10,0,美国总统竞选,1
20,10,1,美国总统竞选演讲,2
20,10,2,特朗普希拉里竞选演讲,5
20,10,3,特朗普当选演讲,5
20,5,0,胡歌,3
20,5,1,胡歌近照,5
20,5,2,唐顿庄园三小姐,5
20,1,0,海口,5
20,1,1,海口旅游,5
20,1,2,海口小吃,2
20,1,3,海口日月广场,3
20,1,4,海口日月广场俯视图,4
20,4,0,白色花瓣黄色花蕊,5
20,4,1,雏菊,5
20,12,0,森林,3
20,6,0,二哈搞笑,5
20,6,1,二哈搞笑图片,5
20,2,0,中国装修风格,5
20,2,1,中国装修古典风格,5
20,2,2,英国贵族装修风格,1
20,2,3,英伦装修风格,2
20,2,4,美国装修风格,2
20,2,5,美国装修,2
20,2,6,装修风格,4
20,2,7,乡村装修风格,4
20,2,8,新中式装修效果图,5
20,2,9,英伦装修,4
20,9,1,酒会,1
20,9,3,舞会海报,1
20,9,4,新生舞会海报,1
20,9,5,探戈,1
20,9,6,恰恰舞图片,1
20,9,10,葡萄酒品鉴,3
20,9,11,葡萄酒,2
20,9,12,手持葡萄酒,3
20,9,14,红酒舞会,1
20,9,15,周末舞会,1
20,9,16,周末舞会海报,1
20,9,17,舞会背景图片,1
20,9,18,舞会图片,1
20,9,19,舞会公主,1
20,9,20,倒酒,5
20,3,0,亚麻T恤,5
20,3,1,亚麻T恤裤子搭配,5
20,11,0,哈利波特,5
20,11,1,赫敏,5
20,11,2,伏地魔,5
20,8,0,秦时明月,5
20,8,1,秦时明月雪女,5
20,8,2,秦时明月真人版,5
20,8,3,秦时明月少司命,5
21,6,0,萌猫表情包,5
21,9,0,酒杯,5
21,9,2,舞会,5
21,11,0,哈利波特,5
21,2,0,装修风格分类,1
21,2,1,装修风格分类和图片,1
21,2,2,装修风格,5
21,8,0,蜡笔小新,5
21,5,0,钟小姐,3
21,5,3,古力娜扎,4
21,7,0,与君相恋一百次,5
21,4,1,向日葵,1
21,4,2,菊花,5
21,1,0,海口建筑,4
21,1,1,海口街道,5
21,1,2,海口建筑物,4
21,1,3,海口建筑特点,4
22,2,0,中式装修,4
22,2,1,简约欧式装修,3
22,2,2,欧式装修,2
22,1,0,海口地标,5
22,1,1,海口,4
22,7,0,蜘蛛侠归来,3
22,7,2,神偷奶爸3,4
22,4,0,小雏菊,5
22,9,3,舞会,1
22,9,4,舞会海报,1
22,9,5,化妆舞会,1
22,9,6,派对图片,1
22,9,7,派对海报,3
22,3,0,白色亚麻t恤搭配,3
22,3,1,亚麻t恤搭配,3
22,3,2,亚麻t恤搭配鞋,2
22,3,3,亚麻t恤全身搭配,3
22,6,0,搞笑图片,3
22,6,1,搞笑条漫,2
22,6,2,幽默图片,3
22,8,0,穿越时空的少女,4
22,8,1,黑白来看守所,5
22,8,2,灵能百分百,5
22,5,0,bts,2
22,5,1,防弹少年团,4
22,5,2,blackpink,4
22,12,0,森林高清无水印,3
22,12,1,森林蓝天高清无水印,3
22,12,3,森林蓝天高清壁纸,3
22,11,0,哈利波特,4
22,11,1,哈利波特赫敏,4
22,11,2,伏地魔,2
22,11,3,harrypotter7,3
22,11,4,harrypotter7海报,2
22,10,0,美国大选,4
22,10,1,特朗普就职演讲,4
23,11,0,哈利波特,4
23,11,2,哈利波特特写,2
23,11,3,赫敏,3
23,11,4,赫敏剧照,3
23,11,5,伏地魔剧照,2
23,11,6,哈利波特剧照,3
23,11,7,哈利波特背景,4
23,6,0,搞笑图片,3
23,6,1,搞笑图片笑死人动态,1
23,6,2,搞笑图片卡通,3
23,6,3,搞笑图片大全,2
23,2,0,中式家装,4
23,2,1,中式家装效果图,2
23,7,1,听说海报,2
23,7,2,听说电影海报,3
23,5,0,新垣结衣,4
23,5,1,新垣结衣壁纸,4
23,8,0,少年锦衣卫,3
23,8,1,少年锦衣卫壁纸,3
23,10,1,特朗普就职演说,4
23,9,0,舞会海报,2
23,9,1,舞会海报素材,3
23,9,7,酒杯图片,1
23,9,8,酒杯手绘,3
23,1,0,海口,3
23,1,1,海口旅游景点,3
23,1,2,海口景点,3
23,1,3,海口风景照,4
23,1,4,海口城市风景照,4
23,3,3,亚麻裙子搭配鞋子好看,2
23,3,4,亚麻短袖搭配鞋子好看,3
24,2,3,北欧简约风格装修,5
24,2,4,日式装修效果图,4
24,10,0,2016美国大选电视辩论,5
24,10,1,2016美国大选电视辩论现场,5
24,10,2,2016美国大选电视辩论直播,5
24,10,3,2016特朗普获胜演说,5
24,10,4,2016特朗普大选获胜,5
24,10,5,2016特朗普大选获胜演说、,5
24,10,6,2016特朗普大选获胜演说,5
24,8,0,多啦a梦,5
24,8,1,柯南,5
24,8,2,龙珠,5
24,9,2,舞会海报,1
24,9,5,酒会海报素材,2
24,9,15,舞酒会海报,2
24,9,19,狂欢舞会海报,1
24,12,1,壁纸高清无水印风景,4
24,1,0,海口,4
24,1,1,海口风光,5
24,1,2,海口旅游,5
24,1,3,海口cbd,2
24,1,4,海口老城,5
24,1,5,海口交通,1
24,1,14,海口新区,4
24,3,0,条纹衬衫搭配鞋裤,3
24,3,1,条纹衬衫搭配,3
24,3,2,条纹t恤搭配,5
24,3,3,条纹t恤搭配男,5
24,4,0,小野花,2
24,4,2,野花品种,2
24,4,3,野花,2
24,4,6,太阳花,1
24,4,7,小太阳花,1
24,4,8,雏菊,4
24,5,0,陈奕迅,5
24,5,1,陈奕迅高清壁纸,3
24,5,2,陈奕迅高清海报,2
24,5,3,陈奕迅海报,5
24,11,5,伏地魔剧照,3
24,11,6,伏地魔,5
24,11,7,伏地魔海报,5
24,11,8,哈利波特海报,5
24,11,9,赫敏海报,5
24,7,0,肖申克的救赎,5
24,7,1,变形金刚海报,4
24,7,2,变形金刚5海报,4
24,7,3,变形金刚5高清海报,3
24,7,4,变形金刚5高清壁纸,5
25,11,2,赫敏·格兰杰,4
25,11,3,伏地魔,4
25,7,0,冰雪奇缘,5
25,7,1,守护者联盟,4
25,7,2,久保与二弦琴,5
25,4,0,路边白花,2
25,4,1,白花,2
25,4,2,白花细花瓣,1
25,4,3,路边小白花,2
25,4,4,白花介绍,1
25,4,5,路边白花科普,1
25,4,6,花卉科普,1
25,4,7,花卉介绍,1
25,4,8,白色花卉介绍,1
25,4,9,白描百花,1
25,4,10,蒲公英,1
25,4,11,蒲公英花,1
25,4,12,小白花,4
25,4,13,野菊花,5
25,8,0,舞动青春,1
25,8,1,舞动青春漫画,5
25,8,2,怪诞小镇,5
25,5,0,德普,5
25,1,0,海口,3
25,1,1,海口地图,1
25,1,2,海口市地图,1
25,1,3,海口市交通地图,5
25,1,4,海口市街景,4
25,1,5,海口市景点,4
25,1,6,海口市交通,5
25,1,7,海口市公交,5
25,1,8,海口市地铁,4
25,9,0,毕业舞会,2
25,9,1,舞会,1
25,9,2,酒吧,1
25,9,4,舞动青春电影,1
25,9,5,电影舞蹈,1
25,9,6,礼服干杯,4
25,9,7,跳舞干杯,1
25,9,8,舞蹈干杯,1
25,9,9,交际舞干杯,1
25,9,10,舞会干杯,1
25,9,15,华尔兹,1
25,10,0,特朗普电视辩论,5
25,10,1,特朗普演讲,5
25,2,0,古风家居,5
25,2,1,中国风家居,5
25,2,2,极简家居,5
25,2,3,性冷淡家居,5
25,3,0,亚麻衣服,4
25,3,1,亚麻T,3
25,3,2,亚麻T搭配,5
25,12,0,森林摄影,4
25,12,1,森林蓝天摄影,3
25,12,2,雨林摄影,3
25,12,3,自然摄影,5
25,6,0,搞笑图片,5
25,6,1,猫GIF,5
26,4,0,白瓣黄蕊的小花,1
26,4,2,白瓣 兰花,1
26,11,0,哈利波特,5
26,11,1,哈利波特赫敏,4
26,11,2,哈利波特伏地魔,2
26,2,0,中国风装修效果图,3
26,2,1,简约欧式装修效果图,4
26,8,0,名侦探柯南,4
26,9,0,舞会海报背景,1
26,9,9,舞蹈海报图片素材,1
26,9,10,舞会海报图片素材,1
26,7,1,爱乐之城,5
26,6,0,搞笑图片,1
26,6,1,四格漫画,4
26,12,0,蓝天森林桌面背景图,1
26,12,1,森林桌面背景图,1
26,3,0,亚麻色t恤衫,2
26,3,8,男士亚麻t恤搭配牛仔裤图,1
26,3,9,男士亚麻t恤全身图,3
26,3,10,男士白色亚麻t恤全身图,2
26,1,0,海口街景,5
26,1,1,海口,5
26,1,2,海口建筑,4
26,1,3,海口行道树,2
26,5,0,周杰伦,5
27,11,3,伏地魔,4
27,11,4,哈利波特,4
27,9,2,舞会,1
27,9,3,酒会,3
27,9,4,毕业舞会,2
27,9,5,国标,2
27,9,6,交谊舞,1
27,9,8,舞蹈,3
27,1,0,海口,5
27,6,0,搞笑漫画,4
27,4,2,飞蓬,4
27,8,0,多啦a梦,4
27,7,0,flipped,3
27,7,1,怦然心动,5
28,4,0,白色花瓣黄色花蕊,4
28,4,1,小雏菊,4
28,9,0,跳舞的人和酒杯,3
28,9,1,跳舞和酒杯,2
28,9,2,舞蹈和酒杯,1
28,9,3,舞蹈和酒会,1
28,9,4,酒会舞蹈,1
28,1,0,海口地标建筑,4
28,1,1,海口街景,3
28,5,0,周杰伦照片,5
28,5,1,周杰伦海报,4
28,8,0,大草原的小老鼠,4
28,8,1,大草原的小老鼠动画片,5
28,8,2,动画片大草原的小老鼠,5
28,3,0,白色亚麻T恤搭配的短裤和鞋子,4
28,12,0,蓝天森林电脑壁纸,4
28,10,0,2016美国大选电视辩论,4
28,10,1,2016美国大选川普获胜演讲,5
28,7,0,傲慢与偏见电影剧照,5
28,7,1,傲慢与偏见电影海报,5
28,2,0,中式装修风格,4
28,2,1,欧式装修风格,4
28,2,2,地中海装修风格,4
28,11,0,哈利波特,5
28,11,1,赫敏,5
28,11,2,伏地魔,5
28,6,0,搞笑图片,4
29,2,0,中式风格装修效果图,5
29,2,1,西式风格装修,2
29,2,2,欧式风格装修,5
29,11,0,哈利波特,3
29,11,1,哈利波特海报,4
29,11,2,赫敏,3
29,11,3,赫敏海报,5
29,11,5,伏地魔海报,4
29,11,6,伏地魔海,1
29,8,0,你的名字,4
29,8,1,小黄人,4
29,10,0,美国大选电视辩论,3
29,10,2,特朗普当选演讲,5
29,7,0,回到未来,3
29,7,1,回到未来海报,1
29,7,2,回到未来剧照,4
29,7,3,记忆大师,4
29,7,4,记忆大师母亲,1
29,1,0,海口风景,4
29,1,1,海口街道,3
29,1,2,海口建筑,3
29,1,3,海口世纪大桥,5
29,1,4,海口骑楼小吃街,4
29,3,0,搭配亚麻T恤的裤子,1
29,3,3,亚麻T恤,3
29,4,0,白色花瓣黄色花蕊,4
29,4,1,小雏菊,5
29,6,0,有趣的图片,2
29,6,1,表情包,5
29,6,2,我需要安慰表情包,4
29,5,0,詹姆斯,5
29,9,1,舞蹈者,3
29,9,2,舞蹈者意境唯美图片,3
29,9,4,舞蹈素材,1
29,9,6,卡通舞女,2
30,7,0,小时代,5
30,5,0,成龙,5
30,8,0,海绵宝宝,5
30,3,1,白衬衣搭配,4
30,3,2,白T恤搭配,5
30,4,0,白色花瓣黄色花蕊,5
30,10,0,2016美国总统电视辩论,5
30,10,1,川普获胜演讲,5
30,9,1,舞会,2
30,9,3,舞会背景图片,2
30,9,4,晚会现场,2
30,9,7,酒吧舞会,3
30,1,0,海口,5
30,6,0,搞笑图片,5
30,11,0,哈利波特,4
30,11,1,哈利波特主要角色,5
30,2,0,中式风格装修,5
30,2,1,欧式风格装修,5
31,9,3,酒吧舞女,1
31,10,0,川普希拉里电视辩论,5
31,10,1,川普胜选演讲,5
31,1,0,海口街道,1
31,1,1,海口道路规划,2
31,1,2,海口道路规划俯视,5
31,1,3,海口风景地貌,1
31,1,4,海口landscape,2
31,1,6,海口 建筑,2
31,2,0,中式装潢,5
31,2,1,简欧式风格装修图片,5
31,6,0,搞笑图片,5
31,5,0,梅西,5
31,4,0,矢车菊,1
31,4,1,黄蕊白瓣,5
31,4,2,野雏菊,5
31,11,0,哈利波特,5
31,7,0,雪国列车,5
32,2,0,房屋装修风格,4
32,7,0,最好看的动作片,3
32,12,0,桌面壁纸森林,2
32,12,1,桌面壁纸森林蓝天,4
32,6,0,搞笑动态图片,2
32,6,1,搞笑图片笑死人动态,1
32,8,0,卡通情侣头像,1
32,8,1,长草颜团子萌图,5
32,9,0,舞会红酒,1
32,9,1,舞会红酒浪漫,3
32,9,2,舞会联谊海报,3
32,9,3,学校舞会联谊海报,3
32,9,4,学校舞会红酒海报,2
32,5,0,刘亦菲图片大全,4
32,10,0,16年美国大选辩论,5
32,10,1,特朗普选举成功演说,5
32,4,0,清新小花图片,2
32,4,1,清新小花图片及名字,2
32,4,2,清新小花名字,5
32,11,0,哈利·波特,5
32,11,1,哈利·波特郝敏,5
32,11,2,哈利·波特伏地魔,5
32,1,0,海口风景,4
33,6,0,幽默,2
33,6,1,搞笑,3
33,8,0,卑鄙的我,4
33,1,0,海口,4
33,1,1,海口旅游景点,3
33,1,4,海口特色小吃,4
33,1,5,海口市,3
33,1,6,海口市中心,2
33,9,0,舞会,4
33,9,1,prom,1
33,9,2,舞会背景图片,1
33,9,3,跳舞,2
33,9,4,交谊舞,1
33,11,6,霍格沃茨,5
33,11,7,赫敏,5
33,11,8,伏地魔,4
33,7,0,魔戒,5
33,2,0,中式装修风格,5
33,2,1,简单欧式风格装修图片,4
33,2,2,简约欧式风格装修图片,5
33,3,0,白色亚麻t恤,4
34,7,0,你的名字,4
34,5,0,钉宫理惠,3
34,11,0,哈利波特,4
34,11,1,郝敏,2
34,11,4,伏地魔,3
34,11,9,星空,4
34,1,0,海口,5
34,10,0,美国大选,4
34,9,1,舞会,5
34,9,4,酒杯,5
34,8,0,秦时明月,4
34,6,0,搞笑图片,4
34,6,1,幽默表情包,3
34,3,0,白色t恤,4
35,3,0,白色亚麻的t恤穿搭,4
35,3,1,白色亚麻t恤的鞋子搭配,4
35,9,0,舞会,4
35,9,1,舞会酒杯,2
35,9,2,舞会背景图片,1
35,9,3,跳舞,1
35,9,4,交际舞,4
35,9,5,酒杯,5
35,1,0,海口,5
35,1,1,海口全景,3
35,1,2,海口建筑,5
35,1,3,海口世纪大桥,5
35,1,4,海口风景,3
35,1,5,海口日出,4
35,1,6,海口街景,2
35,2,0,中式风格装修案例,5
35,2,1,欧式风格装修案例,5
35,2,2,欧式风格装修设计,4
35,2,3,中式风格装修设计,4
35,11,0,哈利波特,5
35,11,1,赫敏,2
35,11,2,伏地魔,3
35,11,3,赫敏海报,5
35,4,0,白色花瓣黄色花芯,4
35,4,1,白色花瓣黄色花芯菊花,4
35,4,2,白菊花,5
35,6,0,搞笑图片,4
35,6,1,幽默图片,3
35,6,2,表情包,4
35,6,3,魔性表情包,5
35,12,0,桌面背景,3
35,12,1,桌面背景森林,5
35,10,0,美国总统大选,2
35,10,1,美国总统大选竞选,2
35,10,2,2016美国总统大选竞选,5
35,10,3,2016美国总统大选川普就职演讲,3
35,10,4,2016美国总统大选,4
35,7,0,小黄人,3
35,7,1,小黄人3海报,5
35,5,0,杨幂,4
35,5,1,杨幂海报,5
35,8,0,小鲤鱼历险记,4
35,8,1,小鲤鱼,2
